{"chunk_definitions":[{"row":28,"row_count":1,"visible":true,"expansion_state":0,"options":{"engine":"r","echo":false,"verbose":false,"warning":false,"message":false,"fig.width":8,"fig.height":6,"label":"unnamed-chunk-1"},"document_id":"C947F979","chunk_id":"c6eogmg7yj20q","chunk_label":"unnamed-chunk-1"},{"row":83,"row_count":1,"visible":true,"expansion_state":1,"options":{"engine":"r","eval":false,"label":"unnamed-chunk-8"},"document_id":"C947F979","chunk_id":"c4cjh916mubjo","chunk_label":"unnamed-chunk-2"}],"doc_write_time":1666265806,"chunk_rendered_width":700}